<?xml version="1.0" encoding="UTF-8"?>
<provisionFile xmlns:xsi="http://www.w3.org/2001/XMLSchema-instance" xsi:noNamespaceSchemaLocation="SmtaProvisioningSchema.xsd">
<version>Vonage</version>
<xmlDebug>0</xmlDebug>
<lineCommand>
    <lineNumber>1</lineNumber>
    <!-- leave the next field blank -->
    <authName></authName>
    <userName>7000</userName>
    <userId>7000</userId>
    <password>ead123456</password>
    <!-- use the next value also in the natKeepAliveDestination further down -->
    <proxyAddress>192.168.15.239</proxyAddress>
    <proxyPort>5060</proxyPort>
    <regAddress>192.168.15.239</regAddress>
    <regPort>5060</regPort>
    <dialPlan>*xx|[2-9]xx[2-9]xxxxxx|1[2-9]xx[2-9]xxxxxx|911|0xx.T</dialPlan>
</lineCommand>
<lineCommand>
    <lineNumber>2</lineNumber>
    <!-- leave the next field blank -->
    <authName></authName>
    <userName></userName>
    <userId></userId>
    <password></password>
    <proxyAddress></proxyAddress>
    <proxyPort></proxyPort>
    <regAddress></regAddress>
    <regPort></regPort>
    <dialPlan></dialPlan>
</lineCommand>
<sipSettingsBegin/>
    <sipCommand>
	<callHoldMethod>0</callHoldMethod>
        <dtmfRelayMethod>1</dtmfRelayMethod>
	<dtmfRelayPayloadType>101</dtmfRelayPayloadType>
	<dtmfRelayPower>5</dtmfRelayPower>
	<goodSourceSipProxyEnable>true</goodSourceSipProxyEnable>
	<hookFlashRelayMethod>0</hookFlashRelayMethod>
	<localPort>8660</localPort>
	<minimumSessionExpirationTimer>0</minimumSessionExpirationTimer>
	<registrationTimer>180</registrationTimer>
	<rtpPacketTOS>184</rtpPacketTOS>
	<rtpPort>10050</rtpPort>
	<sessionExpirationTimer>0</sessionExpirationTimer>
	<signallingTOS>104</signallingTOS>
	<sipUserAgentName>VDV21</sipUserAgentName>
	<stunServerAddress>stun.xten.com</stunServerAddress>
	<stunServerPort>3478</stunServerPort>
	<tcpTimeout>86400</tcpTimeout>
	<udpTimeout>300</udpTimeout>
	<timerT1>2000</timerT1>
	<timerT2>32</timerT2>
	<timerT4>5</timerT4>
	<timerB>10</timerB>
	<timerD>32</timerD>
	<timerF>35</timerF>
	<timerH>32</timerH>
	<timerJ>32</timerJ>
	<transport>1</transport>
	<voicemailSubscribeInterval>86400</voicemailSubscribeInterval>
	<!-- this should be set to the same value as the SIP server for Line 1 -->
        <natKeepAliveDestination>sip.someserver.com</natKeepAliveDestination>
        <natKeepAliveInterval>20</natKeepAliveInterval>
	<!-- set the next value to 1 if you want to enable NAT KeepAlive messages -->
        <natKeepAliveMessage>0</natKeepAliveMessage>
    </sipCommand>
<sipSettingsEnd/>
<networkServicesBegin/>
    <dnsSetup>
	<dnsServer1>208.67.220.220</dnsServer1>
	<dnsServer2>8.8.4.4</dnsServer2>
	<dnsServer3>8.8.8.8</dnsServer3>
	<dnsPriority>0</dnsPriority>
	<isSequential>true</isSequential>
	<dnsWaitInterval>500</dnsWaitInterval>
    </dnsSetup>
    <ntpSetup>
	<utcOffset>-18000</utcOffset>
	<ntpServer1>pool.ntp.br</ntpServer1>
	<ntpServer2>a.ntp.br</ntpServer2>
	<ntpServer3>b.ntp.br</ntpServer3>
	<dstOffset>3600</dstOffset>
	<dstStartHourOfDay>2</dstStartHourOfDay> 
	<dstStartDayOfMonth>0</dstStartDayOfMonth> 
	<dstStartWeekOfMonth>2</dstStartWeekOfMonth> 
	<dstStartDayOfWeek>0</dstStartDayOfWeek> 
	<dstStartMonthOfYear>3</dstStartMonthOfYear> 
	<dstEndHourOfDay>2</dstEndHourOfDay> 
	<dstEndDayOfMonth>0</dstEndDayOfMonth> 
	<dstEndWeekOfMonth>1</dstEndWeekOfMonth> 
	<dstEndDayOfWeek>0</dstEndDayOfWeek> 
	<dstEndMonthOfYear>11</dstEndMonthOfYear>
    </ntpSetup>
<networkServicesEnd/>
<autoUpdateBegin/>
    <provisioningNetworkBegin/>
	<provServerAddress>
	    <index>0</index>
	    <address>192.168.15.10</address>
	</provServerAddress>
	<provServerAddress>
	    <index>1</index>
	    <address>192.168.15.10</address>
	</provServerAddress>
	<provServerAddress>
	    <index>2</index>
	    <address>192.168.15.10</address>
	</provServerAddress>
	<provServerAddress>
	    <index>3</index>
	    <address>192.168.15.10</address>
	</provServerAddress>
	<provServerType>
	    <index>0</index>
	    <type>0x12</type>
	</provServerType>
	<provServerType>
	    <index>1</index>
	    <type>0x12</type>
	</provServerType>
	<provServerType>
	    <index>2</index>
	    <type>0x22</type>
	</provServerType>
	<provServerType>
	    <index>3</index>
	    <type>0x22</type>
	</provServerType>
	<downloadMethodPriority>0</downloadMethodPriority>
	<downloadPort>0</downloadPort>
	<downloadPortTftp1>69</downloadPortTftp1>
	<downloadPortTftp2>69</downloadPortTftp2>
	<downloadPortTftp3>69</downloadPortTftp3>
	<downloadPortHttp>80</downloadPortHttp>
    <provisioningNetworkEnd/>
    <provisionFileUpdateBegin/>
	<provisionAutoEnable>true</provisionAutoEnable>
	<resynchInterval>600</resynchInterval>
	<sipNotifyEnable>true</sipNotifyEnable>
	<provisionRetryPeriod>300</provisionRetryPeriod>
	<provisionMaxRetry>900</provisionMaxRetry>
	<provisionMinRetry>30</provisionMinRetry>
	<hashDir>brcm</hashDir>
	<encryptionKey></encryptionKey>
    <provisionFileUpdateEnd/>
    <firmwareFileUpdateBegin/>
	<autoFirmwareChange>false</autoFirmwareChange>
	<imageRetryInterval>900</imageRetryInterval>
	<firmwareFileName></firmwareFileName>
	<firmwareChecksum></firmwareChecksum>
	<deviceCertificate></deviceCertificate>
    <firmwareFileUpdateEnd/>
<autoUpdateEnd/>
<remoteManagementBegin/>
    <webAccessAdmin>true</webAccessAdmin>
    <webAccessTech>false</webAccessTech>
    <webAccessUser>true</webAccessUser>
    <httpInactivityTimer>600</httpInactivityTimer>
    <shellInactivityTimer>1800</shellInactivityTimer>
    <adminPassword>Admin</adminPassword>
    <techPassword></techPassword>
<remoteManagementEnd/>
<delayedReset>false</delayedReset>
</provisionFile>
